{
  "detection": {
    "baseline": {
      "mAP50": 0.024120280210924015,
      "mAP50_95": 0.008382435236111624,
      "precision": 0.12363636363636364,
      "recall": 0.136,
      "inference_ms": 10.464742931071669
    },
    "finetuned": {
      "mAP50": 0.9892825053587725,
      "mAP50_95": 0.8555837771665743,
      "precision": 0.9917246359988809,
      "recall": 0.9587284414534613,
      "inference_ms": 10.510346334194764
    }
  },
  "segmentation": {
    "baseline": {
      "mAP50": 0.017309790122561265,
      "mAP50_95": 0.00488686326968914,
      "precision": 0.07600950118764846,
      "recall": 0.128,
      "inference_ms": 10.310250128774593
    },
    "finetuned": {
      "mAP50": 0.8306802206772239,
      "mAP50_95": 0.45484185493046014,
      "precision": 0.8959929958822835,
      "recall": 0.828,
      "inference_ms": 11.256400726657981
    }
  },
  "meta": {
    "resolution": "1280x720",
    "classes": [
      "car"
    ],
    "splits": {
      "train": 400,
      "val": 50,
      "test": 50
    },
    "qualitative_scenes": [
      "scene_00003",
      "scene_00012",
      "scene_00013",
      "scene_00015",
      "scene_00016"
    ]
  }
}