model,mAP50,mAP50_95,precision,recall,inference_ms,params_M
yolov8n,0.9675877493577413,0.8183016221824309,0.9504649106598384,0.944,10.688019999846196,3.1572
yolov8m,0.9737052341597796,0.8655161664483835,0.99417338318021,0.964,11.636171530699357,25.90264
yolov8s,0.9735702686245952,0.8516655176724404,0.9876109815775928,0.9566018435358897,10.274544600785399,11.16656
rtdetr-l,0.9901993028616406,0.8966481646759883,0.9969788609673929,0.972,19.99291207175702,32.970476
