model,mAP50,mAP50_95,precision,recall,inference_ms,params_M
yolov8n,0.9799290513362361,0.8470682122420028,0.9868780506887945,0.94,11.544857133412734,3.1572
yolov8s,0.9927604193565046,0.8816842999784704,1.0,0.9710692469465585,10.68263600463979,11.16656
yolov8m,0.9923533023906698,0.883372443702596,0.9957846224668861,0.972,11.360694869654253,25.90264
rtdetr-l,0.9949196787148595,0.909883036566095,0.9959786245143702,0.9906880840455774,22.02590846767028,32.970476
