{
  "meta": {
    "resolution": "1280x720",
    "classes": [
      "car"
    ],
    "splits": {
      "train": 800,
      "val": 100,
      "test": 100
    },
    "qualitative_scenes": [
      "scene_00114",
      "scene_00196",
      "scene_00214",
      "scene_00296",
      "scene_00300"
    ]
  },
  "models": [
    {
      "model": "YOLOv8s",
      "type": "Detection",
      "mAP50": 0.6938282560841142,
      "mAP50_95": 0.3277148363911638,
      "precision": 0.9473684210526315,
      "recall": 0.7128712871287128,
      "inference_ms": 8.242984509943199
    },
    {
      "model": "RT-DETR-L",
      "type": "Detection",
      "mAP50": 0.9007323200148711,
      "mAP50_95": 0.4318115359372904,
      "precision": 0.9169435215946844,
      "recall": 0.9108910891089109,
      "inference_ms": 17.04177769992384
    },
    {
      "model": "Faster R-CNN ResNet50 FPN v2",
      "type": "Detection",
      "mAP50": 0.9340919117676947,
      "mAP50_95": 0.44170149585837315,
      "precision": 0.9087947882736156,
      "recall": 0.9207920792079208,
      "inference_ms": 21.966804249932466
    }
  ]
}